{"stat.chestOpened":129,"stat.beaconInteraction":1,"stat.useItem.minecraft.bow":17,"stat.useItem.minecraft.command_block":2,"stat.walkOneCm":99228,"stat.useItem.minecraft.quartz_block":36,"stat.useItem.minecraft.chest":4,"stat.leaveGame":10,"stat.useItem.minecraft.beacon":1,"stat.jump":576,"stat.fallOneCm":22299,"stat.useItem.minecraft.redstone_block":4,"stat.useItem.minecraft.nether_brick_stairs":1,"stat.crouchOneCm":18378,"stat.useItem.minecraft.written_book":1,"stat.useItem.minecraft.nether_brick_fence":8,"stat.sprintOneCm":62725,"stat.useItem.minecraft.stained_glass":374,"achievement.exploreAllBiomes":{"value":0,"progress":["Jungle","Forest","Plains","Deep Ocean"]},"stat.craftingTableInteraction":2,"stat.useItem.minecraft.glass":3,"stat.useItem.minecraft.stone_slab":30,"achievement.openInventory":55,"stat.damageTaken":5000,"stat.flyOneCm":1604446,"stat.deaths":18,"stat.drop":11,"stat.useItem.minecraft.writable_book":3,"stat.playOneMinute":149156,"stat.useItem.minecraft.nether_brick":36,"stat.damageDealt":10,"stat.useItem.minecraft.wool":6,"stat.timeSinceDeath":61854,"stat.diveOneCm":2819}